arquivo,impressao_gerada,titulo
checklist_0041.pdf,01/08/2025 10:41,CHECK LIST - EMPILHADEIRA
checklist_0019.pdf,01/08/2025 11:09,CHECK LIST - EMPILHADEIRA
checklist_0196.pdf,01/08/2025 11:10,CHECK LIST - PLATAFORMA
checklist_0077.pdf,01/08/2025 11:26,CHECK LIST - ESTEIRA
checklist_0194.pdf,01/08/2025 13:01,CHECK LIST - PLATAFORMA
checklist_0105.pdf,01/08/2025 19:03,CHECK LIST - ESTEIRA
checklist_0195.pdf,01/08/2025 19:39,CHECK LIST - PLATAFORMA
checklist_0008.pdf,01/08/2025 20:49,CHECK LIST - PALETEIRA
checklist_0116.pdf,01/08/2025 22:14,CHECK LIST - PLATAFORMA
checklist_0037.pdf,02/08/2025 01:01,CHECK LIST - EMPILHADEIRA
checklist_0156.pdf,02/08/2025 03:14,CHECK LIST - PALETEIRA
checklist_0022.pdf,02/08/2025 05:07,CHECK LIST - PALETEIRA
checklist_0098.pdf,02/08/2025 05:46,CHECK LIST - EMPILHADEIRA
checklist_0035.pdf,02/08/2025 10:25,CHECK LIST - PALETEIRA
checklist_0112.pdf,02/08/2025 11:16,CHECK LIST - PLATAFORMA
checklist_0084.pdf,02/08/2025 11:58,CHECK LIST - ESTEIRA
checklist_0007.pdf,02/08/2025 12:05,CHECK LIST - PLATAFORMA
checklist_0021.pdf,02/08/2025 15:39,CHECK LIST - ESTEIRA
checklist_0056.pdf,02/08/2025 17:47,CHECK LIST - PALETEIRA
checklist_0149.pdf,02/08/2025 18:09,CHECK LIST - PLATAFORMA
checklist_0009.pdf,03/08/2025 00:33,CHECK LIST - PALETEIRA
checklist_0162.pdf,03/08/2025 02:37,CHECK LIST - PLATAFORMA
checklist_0090.pdf,03/08/2025 04:53,CHECK LIST - PALETEIRA
checklist_0018.pdf,03/08/2025 05:47,CHECK LIST - PALETEIRA
checklist_0132.pdf,03/08/2025 06:51,CHECK LIST - ESTEIRA
checklist_0136.pdf,03/08/2025 08:31,CHECK LIST - ESTEIRA
checklist_0164.pdf,03/08/2025 09:21,CHECK LIST - PALETEIRA
checklist_0108.pdf,03/08/2025 15:04,CHECK LIST - PALETEIRA
checklist_0193.pdf,03/08/2025 17:00,CHECK LIST - PLATAFORMA
checklist_0179.pdf,03/08/2025 17:16,CHECK LIST - ESTEIRA
checklist_0061.pdf,03/08/2025 19:21,CHECK LIST - ESTEIRA
checklist_0092.pdf,03/08/2025 20:27,CHECK LIST - PALETEIRA
checklist_0103.pdf,03/08/2025 22:28,CHECK LIST - PLATAFORMA
checklist_0024.pdf,04/08/2025 00:50,CHECK LIST - ESTEIRA
checklist_0170.pdf,04/08/2025 02:27,CHECK LIST - PALETEIRA
checklist_0174.pdf,04/08/2025 11:55,CHECK LIST - ESTEIRA
checklist_0173.pdf,04/08/2025 14:55,CHECK LIST - PLATAFORMA
checklist_0121.pdf,04/08/2025 18:11,CHECK LIST - ESTEIRA
checklist_0057.pdf,04/08/2025 23:38,CHECK LIST - ESTEIRA
checklist_0184.pdf,05/08/2025 05:20,CHECK LIST - PLATAFORMA
checklist_0139.pdf,05/08/2025 07:59,CHECK LIST - ESTEIRA
checklist_0004.pdf,05/08/2025 16:25,CHECK LIST - ESTEIRA
checklist_0157.pdf,05/08/2025 16:55,CHECK LIST - EMPILHADEIRA
checklist_0083.pdf,05/08/2025 18:14,CHECK LIST - PLATAFORMA
checklist_0013.pdf,05/08/2025 18:36,CHECK LIST - PALETEIRA
checklist_0133.pdf,05/08/2025 21:06,CHECK LIST - EMPILHADEIRA
checklist_0099.pdf,06/08/2025 00:56,CHECK LIST - PALETEIRA
checklist_0040.pdf,06/08/2025 02:33,CHECK LIST - PALETEIRA
checklist_0177.pdf,06/08/2025 02:53,CHECK LIST - EMPILHADEIRA
checklist_0153.pdf,06/08/2025 07:18,CHECK LIST - PLATAFORMA
checklist_0154.pdf,06/08/2025 11:20,CHECK LIST - ESTEIRA
checklist_0106.pdf,06/08/2025 21:14,CHECK LIST - EMPILHADEIRA
checklist_0072.pdf,06/08/2025 23:10,CHECK LIST - EMPILHADEIRA
checklist_0142.pdf,06/08/2025 23:55,CHECK LIST - PLATAFORMA
checklist_0053.pdf,07/08/2025 06:51,CHECK LIST - PLATAFORMA
checklist_0186.pdf,07/08/2025 14:07,CHECK LIST - ESTEIRA
checklist_0100.pdf,07/08/2025 21:54,CHECK LIST - ESTEIRA
checklist_0095.pdf,08/08/2025 10:30,CHECK LIST - PALETEIRA
checklist_0027.pdf,08/08/2025 17:07,CHECK LIST - PLATAFORMA
checklist_0180.pdf,08/08/2025 17:57,CHECK LIST - PALETEIRA
checklist_0069.pdf,08/08/2025 22:45,CHECK LIST - ESTEIRA
checklist_0003.pdf,09/08/2025 04:04,CHECK LIST - ESTEIRA
checklist_0023.pdf,09/08/2025 05:54,CHECK LIST - PLATAFORMA
checklist_0044.pdf,09/08/2025 08:14,CHECK LIST - PALETEIRA
checklist_0148.pdf,09/08/2025 13:15,CHECK LIST - PLATAFORMA
checklist_0166.pdf,09/08/2025 15:29,CHECK LIST - EMPILHADEIRA
checklist_0158.pdf,09/08/2025 19:03,CHECK LIST - PALETEIRA
checklist_0060.pdf,10/08/2025 03:06,CHECK LIST - PLATAFORMA
checklist_0123.pdf,10/08/2025 03:28,CHECK LIST - ESTEIRA
checklist_0159.pdf,10/08/2025 06:34,CHECK LIST - PLATAFORMA
checklist_0038.pdf,10/08/2025 15:37,CHECK LIST - PALETEIRA
checklist_0059.pdf,11/08/2025 01:06,CHECK LIST - ESTEIRA
checklist_0067.pdf,11/08/2025 01:59,CHECK LIST - PLATAFORMA
checklist_0178.pdf,11/08/2025 07:33,CHECK LIST - EMPILHADEIRA
checklist_0026.pdf,11/08/2025 09:42,CHECK LIST - EMPILHADEIRA
checklist_0082.pdf,11/08/2025 15:00,CHECK LIST - ESTEIRA
checklist_0128.pdf,11/08/2025 19:27,CHECK LIST - PALETEIRA
checklist_0131.pdf,12/08/2025 05:48,CHECK LIST - ESTEIRA
checklist_0001.pdf,12/08/2025 07:15,CHECK LIST - PLATAFORMA
checklist_0006.pdf,12/08/2025 11:03,CHECK LIST - ESTEIRA
checklist_0086.pdf,12/08/2025 13:58,CHECK LIST - ESTEIRA
checklist_0163.pdf,12/08/2025 18:42,CHECK LIST - PLATAFORMA
checklist_0032.pdf,13/08/2025 05:59,CHECK LIST - ESTEIRA
checklist_0050.pdf,13/08/2025 07:42,CHECK LIST - PLATAFORMA
checklist_0074.pdf,13/08/2025 10:12,CHECK LIST - EMPILHADEIRA
checklist_0190.pdf,13/08/2025 10:53,CHECK LIST - PLATAFORMA
checklist_0011.pdf,13/08/2025 12:48,CHECK LIST - PALETEIRA
checklist_0110.pdf,13/08/2025 14:35,CHECK LIST - EMPILHADEIRA
checklist_0094.pdf,13/08/2025 20:47,CHECK LIST - EMPILHADEIRA
checklist_0137.pdf,13/08/2025 23:47,CHECK LIST - PLATAFORMA
checklist_0017.pdf,14/08/2025 03:11,CHECK LIST - PALETEIRA
checklist_0189.pdf,14/08/2025 05:49,CHECK LIST - PLATAFORMA
checklist_0016.pdf,14/08/2025 11:42,CHECK LIST - EMPILHADEIRA
checklist_0020.pdf,14/08/2025 14:38,CHECK LIST - EMPILHADEIRA
checklist_0138.pdf,14/08/2025 18:40,CHECK LIST - PALETEIRA
checklist_0181.pdf,15/08/2025 00:58,CHECK LIST - ESTEIRA
checklist_0012.pdf,15/08/2025 01:29,CHECK LIST - EMPILHADEIRA
checklist_0198.pdf,15/08/2025 01:38,CHECK LIST - PALETEIRA
checklist_0176.pdf,15/08/2025 02:30,CHECK LIST - EMPILHADEIRA
checklist_0151.pdf,15/08/2025 20:52,CHECK LIST - PLATAFORMA
checklist_0052.pdf,16/08/2025 02:03,CHECK LIST - PALETEIRA
checklist_0051.pdf,16/08/2025 02:31,CHECK LIST - EMPILHADEIRA
checklist_0165.pdf,16/08/2025 03:57,CHECK LIST - EMPILHADEIRA
checklist_0118.pdf,16/08/2025 07:16,CHECK LIST - PALETEIRA
checklist_0144.pdf,16/08/2025 13:18,CHECK LIST - EMPILHADEIRA
checklist_0120.pdf,16/08/2025 13:19,CHECK LIST - ESTEIRA
checklist_0101.pdf,16/08/2025 13:59,CHECK LIST - ESTEIRA
checklist_0096.pdf,16/08/2025 14:16,CHECK LIST - ESTEIRA
checklist_0088.pdf,16/08/2025 19:39,CHECK LIST - EMPILHADEIRA
checklist_0078.pdf,16/08/2025 20:41,CHECK LIST - EMPILHADEIRA
checklist_0171.pdf,16/08/2025 21:19,CHECK LIST - PALETEIRA
checklist_0081.pdf,16/08/2025 21:23,CHECK LIST - EMPILHADEIRA
checklist_0063.pdf,17/08/2025 01:42,CHECK LIST - PLATAFORMA
checklist_0079.pdf,17/08/2025 14:19,CHECK LIST - PLATAFORMA
checklist_0031.pdf,17/08/2025 15:23,CHECK LIST - ESTEIRA
checklist_0127.pdf,17/08/2025 15:49,CHECK LIST - ESTEIRA
checklist_0065.pdf,17/08/2025 17:19,CHECK LIST - ESTEIRA
checklist_0097.pdf,17/08/2025 20:16,CHECK LIST - PLATAFORMA
checklist_0030.pdf,17/08/2025 22:17,CHECK LIST - PLATAFORMA
checklist_0111.pdf,17/08/2025 22:58,CHECK LIST - PLATAFORMA
checklist_0036.pdf,17/08/2025 22:59,CHECK LIST - EMPILHADEIRA
checklist_0047.pdf,18/08/2025 04:13,CHECK LIST - PALETEIRA
checklist_0048.pdf,18/08/2025 04:36,CHECK LIST - PALETEIRA
checklist_0049.pdf,18/08/2025 05:00,CHECK LIST - EMPILHADEIRA
checklist_0129.pdf,18/08/2025 19:44,CHECK LIST - PLATAFORMA
checklist_0076.pdf,19/08/2025 00:06,CHECK LIST - ESTEIRA
checklist_0046.pdf,19/08/2025 06:51,CHECK LIST - PLATAFORMA
checklist_0169.pdf,19/08/2025 07:16,CHECK LIST - PALETEIRA
checklist_0042.pdf,19/08/2025 18:37,CHECK LIST - PALETEIRA
checklist_0199.pdf,19/08/2025 20:01,CHECK LIST - PLATAFORMA
checklist_0114.pdf,19/08/2025 21:36,CHECK LIST - EMPILHADEIRA
checklist_0073.pdf,20/08/2025 06:26,CHECK LIST - PLATAFORMA
checklist_0014.pdf,20/08/2025 10:00,CHECK LIST - PLATAFORMA
checklist_0185.pdf,20/08/2025 12:43,CHECK LIST - PLATAFORMA
checklist_0113.pdf,20/08/2025 14:08,CHECK LIST - ESTEIRA
checklist_0087.pdf,20/08/2025 16:50,CHECK LIST - EMPILHADEIRA
checklist_0167.pdf,21/08/2025 05:23,CHECK LIST - PLATAFORMA
checklist_0102.pdf,21/08/2025 16:40,CHECK LIST - EMPILHADEIRA
checklist_0091.pdf,21/08/2025 23:23,CHECK LIST - PALETEIRA
checklist_0152.pdf,22/08/2025 01:35,CHECK LIST - ESTEIRA
checklist_0107.pdf,22/08/2025 09:03,CHECK LIST - PALETEIRA
checklist_0145.pdf,22/08/2025 09:06,CHECK LIST - ESTEIRA
checklist_0064.pdf,22/08/2025 12:55,CHECK LIST - PALETEIRA
checklist_0025.pdf,22/08/2025 16:20,CHECK LIST - PLATAFORMA
checklist_0068.pdf,22/08/2025 17:38,CHECK LIST - PALETEIRA
checklist_0146.pdf,22/08/2025 21:45,CHECK LIST - PALETEIRA
checklist_0182.pdf,23/08/2025 19:12,CHECK LIST - PALETEIRA
checklist_0071.pdf,23/08/2025 21:22,CHECK LIST - PLATAFORMA
checklist_0104.pdf,23/08/2025 22:42,CHECK LIST - EMPILHADEIRA
checklist_0043.pdf,23/08/2025 23:26,CHECK LIST - PALETEIRA
checklist_0191.pdf,23/08/2025 23:55,CHECK LIST - PLATAFORMA
checklist_0160.pdf,24/08/2025 01:11,CHECK LIST - PALETEIRA
checklist_0200.pdf,24/08/2025 01:45,CHECK LIST - ESTEIRA
checklist_0122.pdf,24/08/2025 05:30,CHECK LIST - PALETEIRA
checklist_0075.pdf,24/08/2025 10:30,CHECK LIST - ESTEIRA
checklist_0085.pdf,24/08/2025 19:47,CHECK LIST - PLATAFORMA
checklist_0192.pdf,24/08/2025 19:48,CHECK LIST - PALETEIRA
checklist_0172.pdf,24/08/2025 22:26,CHECK LIST - PLATAFORMA
checklist_0134.pdf,25/08/2025 11:14,CHECK LIST - ESTEIRA
checklist_0140.pdf,25/08/2025 17:53,CHECK LIST - PALETEIRA
checklist_0066.pdf,25/08/2025 19:02,CHECK LIST - EMPILHADEIRA
checklist_0197.pdf,26/08/2025 03:43,CHECK LIST - ESTEIRA
checklist_0034.pdf,26/08/2025 06:40,CHECK LIST - PALETEIRA
checklist_0124.pdf,27/08/2025 03:17,CHECK LIST - PALETEIRA
checklist_0005.pdf,27/08/2025 03:54,CHECK LIST - ESTEIRA
checklist_0187.pdf,27/08/2025 07:30,CHECK LIST - PALETEIRA
checklist_0141.pdf,27/08/2025 09:04,CHECK LIST - ESTEIRA
checklist_0115.pdf,27/08/2025 09:05,CHECK LIST - PALETEIRA
checklist_0010.pdf,27/08/2025 14:19,CHECK LIST - PLATAFORMA
checklist_0002.pdf,27/08/2025 19:58,CHECK LIST - ESTEIRA
checklist_0150.pdf,27/08/2025 20:31,CHECK LIST - EMPILHADEIRA
checklist_0168.pdf,28/08/2025 01:07,CHECK LIST - PLATAFORMA
checklist_0119.pdf,28/08/2025 02:39,CHECK LIST - EMPILHADEIRA
checklist_0117.pdf,28/08/2025 03:43,CHECK LIST - PLATAFORMA
checklist_0062.pdf,28/08/2025 09:12,CHECK LIST - PALETEIRA
checklist_0109.pdf,28/08/2025 15:53,CHECK LIST - PALETEIRA
checklist_0143.pdf,28/08/2025 16:24,CHECK LIST - EMPILHADEIRA
checklist_0058.pdf,28/08/2025 18:24,CHECK LIST - PALETEIRA
checklist_0183.pdf,28/08/2025 23:10,CHECK LIST - PALETEIRA
checklist_0054.pdf,29/08/2025 02:16,CHECK LIST - PLATAFORMA
checklist_0045.pdf,29/08/2025 09:17,CHECK LIST - ESTEIRA
checklist_0188.pdf,29/08/2025 10:07,CHECK LIST - PLATAFORMA
checklist_0126.pdf,29/08/2025 11:45,CHECK LIST - EMPILHADEIRA
checklist_0039.pdf,29/08/2025 15:17,CHECK LIST - PLATAFORMA
checklist_0125.pdf,29/08/2025 15:32,CHECK LIST - PALETEIRA
checklist_0055.pdf,29/08/2025 15:34,CHECK LIST - PLATAFORMA
checklist_0175.pdf,29/08/2025 16:18,CHECK LIST - EMPILHADEIRA
checklist_0033.pdf,29/08/2025 19:14,CHECK LIST - EMPILHADEIRA
checklist_0135.pdf,29/08/2025 21:06,CHECK LIST - PALETEIRA
checklist_0015.pdf,30/08/2025 02:34,CHECK LIST - ESTEIRA
checklist_0080.pdf,30/08/2025 04:03,CHECK LIST - PLATAFORMA
checklist_0147.pdf,30/08/2025 11:36,CHECK LIST - PALETEIRA
checklist_0130.pdf,30/08/2025 13:47,CHECK LIST - ESTEIRA
checklist_0161.pdf,30/08/2025 18:45,CHECK LIST - PALETEIRA
checklist_0070.pdf,30/08/2025 20:50,CHECK LIST - PLATAFORMA
checklist_0089.pdf,30/08/2025 21:17,CHECK LIST - PLATAFORMA
checklist_0155.pdf,30/08/2025 22:42,CHECK LIST - PALETEIRA
checklist_0093.pdf,31/08/2025 03:41,CHECK LIST - ESTEIRA
checklist_0029.pdf,31/08/2025 04:41,CHECK LIST - PLATAFORMA
checklist_0028.pdf,31/08/2025 05:01,CHECK LIST - EMPILHADEIRA
